"cost_center_name","parent_cost_center","company","is_group","cost_center_number"
"Institución Cultural y Deportiva Pedro Echagüe","","Institución Cultural y Deportiva Pedro Echagüe","1",""
"Administración","Institución Cultural y Deportiva Pedro Echagüe","Institución Cultural y Deportiva Pedro Echagüe","0",""
"Deportes","Institución Cultural y Deportiva Pedro Echagüe","Institución Cultural y Deportiva Pedro Echagüe","1",""
"Deportes - Futbol","Deportes","Institución Cultural y Deportiva Pedro Echagüe","0",""
"Deportes - Basquet Masculino","Deportes","Institución Cultural y Deportiva Pedro Echagüe","0",""
"Deportes - Basquet Femenino","Deportes","Institución Cultural y Deportiva Pedro Echagüe","0",""
"Deportes - Voley","Deportes","Institución Cultural y Deportiva Pedro Echagüe","0",""
"Deportes - Patin","Deportes","Institución Cultural y Deportiva Pedro Echagüe","0",""
"Deportes - Boxeo","Deportes","Institución Cultural y Deportiva Pedro Echagüe","0",""
"Deportes - Gimnasia Artistica","Deportes","Institución Cultural y Deportiva Pedro Echagüe","0",""
"Deportes - Taekwondo","Deportes","Institución Cultural y Deportiva Pedro Echagüe","0",""
"Deportes - Shui Lu","Deportes","Institución Cultural y Deportiva Pedro Echagüe","0",""
"Actividades","Institución Cultural y Deportiva Pedro Echagüe","Institución Cultural y Deportiva Pedro Echagüe","1",""
"Actividades - Iniciacion Deportiva","Actividades","Institución Cultural y Deportiva Pedro Echagüe","0",""
"Actividades - Danza","Actividades","Institución Cultural y Deportiva Pedro Echagüe","0",""
"Actividades - Yoga","Actividades","Institución Cultural y Deportiva Pedro Echagüe","0",""
"Actividades - CrossFit","Actividades","Institución Cultural y Deportiva Pedro Echagüe","0",""
"Actividades - Funcional","Actividades","Institución Cultural y Deportiva Pedro Echagüe","0",""
"Actividades - Ritmos Latinos","Actividades","Institución Cultural y Deportiva Pedro Echagüe","0",""
"Actividades - Zumba","Actividades","Institución Cultural y Deportiva Pedro Echagüe","0",""
"Actividades - Zumba","Actividades","Institución Cultural y Deportiva Pedro Echagüe","0",""
"Fitness","Institución Cultural y Deportiva Pedro Echagüe","Institución Cultural y Deportiva Pedro Echagüe","1",""
"Fitness - Gimnasio de Musculacion","Fitness","Institución Cultural y Deportiva Pedro Echagüe","0",""
"Gastronomía","Institución Cultural y Deportiva Pedro Echagüe","Institución Cultural y Deportiva Pedro Echagüe","1",""
"Gastronomía - Buffet","Gastronomía","Institución Cultural y Deportiva Pedro Echagüe","0",""
"Gastronomía - Peña de Rock","Gastronomía","Institución Cultural y Deportiva Pedro Echagüe","0",""
"Gastronomía - Restaurante","Gastronomía","Institución Cultural y Deportiva Pedro Echagüe","0",""
"Alquileres","Institución Cultural y Deportiva Pedro Echagüe","Institución Cultural y Deportiva Pedro Echagüe","1",""
"Alquileres - Temporal","Alquileres","Institución Cultural y Deportiva Pedro Echagüe","0",""
"Alquileres - Recurrente","Alquileres","Institución Cultural y Deportiva Pedro Echagüe","0",""
